name,address,photo,details_url,page_src_url,extracted_at
Adegadega,"R. Juiz Aderbal de Oliveira, 209  | Centro, São João de Meriti - RJ",https://cdb-static-files.s3.amazonaws.com/wp-content/uploads/2026/03/09054906/adegadega_perolarosadomar_baixada_2026_joana_1-scaled.jpg,https://comidadibuteco.com.br/buteco/adegadega/,https://comidadibuteco.com.br/butecos/nova-iguacu-duque-de-caxias/,2026-05-02 12:22:54
Bar Cevina Lounge,"Rod. Washington Luiz, 2500 | Pq. Duque de Caxias, Duque de Caxias - RJ",https://cdb-static-files.s3.amazonaws.com/wp-content/uploads/2026/03/09054915/barcevinalounge_baudafelicidade_baixada_2026_joana_1-scaled.jpg,https://comidadibuteco.com.br/buteco/bar-cevina-lounge/,https://comidadibuteco.com.br/butecos/nova-iguacu-duque-de-caxias/,2026-05-02 12:22:54
Bar do Diretor,"R. Major Correia de Melo, 353 | Jardim Vinte e Cinco de Agosto, Duque de Caxias - RJ",https://cdb-static-files.s3.amazonaws.com/wp-content/uploads/2026/03/09054923/bardodiretor_sanduichedecarneloucacrocante_baixada_2026_joana_1-scaled.jpg,https://comidadibuteco.com.br/buteco/bar-do-diretor/,https://comidadibuteco.com.br/butecos/nova-iguacu-duque-de-caxias/,2026-05-02 12:22:54
Bar Parada 16,"R. Deputado Sá Rego, 289  | Vila São Luís, Duque de Caxias - RJ",https://cdb-static-files.s3.amazonaws.com/wp-content/uploads/2026/03/09054932/barparada16_sabordasaudade_baixada_2026_joana_1-scaled.jpg,https://comidadibuteco.com.br/buteco/bar-parada-16/,https://comidadibuteco.com.br/butecos/nova-iguacu-duque-de-caxias/,2026-05-02 12:22:54
Beer Soccer Club,"R. Passo da Pátria, 228 - Loja | Jardim Vinte e Cinco de Agosto, Duque de Caxias - RJ",https://cdb-static-files.s3.amazonaws.com/wp-content/uploads/2026/03/09055040/beersoccerclub_hat-trickdecamaraonacestinhacrocantes_baixada_2026_joana_1-scaled.jpg,https://comidadibuteco.com.br/buteco/beer-soccer-club/,https://comidadibuteco.com.br/butecos/nova-iguacu-duque-de-caxias/,2026-05-02 12:22:54
Bela Gastrobar,"Av. Presidente Lincoln, 263 | Jardim Meriti, São João de Meriti - RJ",https://cdb-static-files.s3.amazonaws.com/wp-content/uploads/2026/03/09055049/belagastrobar_belacrocancia_baixada_2026_joana_1-scaled.jpg,https://comidadibuteco.com.br/buteco/bela-gastrobar/,https://comidadibuteco.com.br/butecos/nova-iguacu-duque-de-caxias/,2026-05-02 12:22:54
Boteco Du nada,"Rua Caburi, 60 | Califórnia, Nova Iguaçu - RJ",https://cdb-static-files.s3.amazonaws.com/wp-content/uploads/2026/03/09055057/botecodunada_naquelamesacomseujoaquim_baixada_2026_joana_1-scaled.jpg,https://comidadibuteco.com.br/buteco/boteco-du-nada/,https://comidadibuteco.com.br/butecos/nova-iguacu-duque-de-caxias/,2026-05-02 12:22:54
Calçadas Grill,"R. Estudante Galdêncio Miguel, 530 | Centro, São João de Meriti - RJ",https://cdb-static-files.s3.amazonaws.com/wp-content/uploads/2026/03/09055105/calcadasgril_pirulitodebacalhau_baixada_2026_joana_1-scaled.jpg,https://comidadibuteco.com.br/buteco/calcadas-grill/,https://comidadibuteco.com.br/butecos/nova-iguacu-duque-de-caxias/,2026-05-02 12:22:54
Camarão da Lu,"R. Alberto Teixeira da Cunha, 1046  | Centro, Nilópolis - RJ",https://cdb-static-files.s3.amazonaws.com/wp-content/uploads/2026/03/09055113/camaraodalu_raizesdalu_baixada_2026_joana_1-scaled.jpg,https://comidadibuteco.com.br/buteco/camarao-da-lu/,https://comidadibuteco.com.br/butecos/nova-iguacu-duque-de-caxias/,2026-05-02 12:22:54
Chopperia do Baixinho,"Av. Automóvel Clube, 2697 | Vilar dos Teles, São João de Meriti - RJ",https://cdb-static-files.s3.amazonaws.com/wp-content/uploads/2026/03/09055222/chopperiadobaixinho_porconzola_baixada_2026_joana_1-scaled.jpg,https://comidadibuteco.com.br/buteco/chopperia-do-baixinho/,https://comidadibuteco.com.br/butecos/nova-iguacu-duque-de-caxias/,2026-05-02 12:22:54
Edinho do Caranguejo,"R. Humberto de Campos, 143  | Centro, Duque de Caxias - RJ",https://cdb-static-files.s3.amazonaws.com/wp-content/uploads/2026/03/09055230/edinhodocaranguejo_marealta_baixada_2026_joana_1-scaled.jpg,https://comidadibuteco.com.br/buteco/5874-revision-v1/,https://comidadibuteco.com.br/butecos/nova-iguacu-duque-de-caxias/,2026-05-02 12:22:54
King’s Bar,"R. Estudante Eliane Castanheira, 808  | Centro, São João de Meriti - RJ",https://cdb-static-files.s3.amazonaws.com/wp-content/uploads/2026/03/09055245/king_sbar_tacomigo_baixada_2026_joana_1-scaled.jpg,https://comidadibuteco.com.br/buteco/kings-bar/,https://comidadibuteco.com.br/butecos/nova-iguacu-duque-de-caxias/,2026-05-02 12:22:54
Massaretto Bar,"Av. Carioca, 181 -| Vila Rosali, São João de Meriti - RJ",https://cdb-static-files.s3.amazonaws.com/wp-content/uploads/2026/03/09055253/massaretobar_couvequetequerocarne_baixada_2026_joana_1-scaled.jpg,https://comidadibuteco.com.br/buteco/massaretto-bar/,https://comidadibuteco.com.br/butecos/nova-iguacu-duque-de-caxias/page/2/,2026-05-02 12:23:08
Nosso Canto,"R. Genuíno Siqueira, 1395 - Loja | Jardim Meriti, São João de Meriti - RJ",https://cdb-static-files.s3.amazonaws.com/wp-content/uploads/2026/03/09055401/nossocanto_prapedirmusicanofantastico_baixada_2026_joana_1-scaled.jpg,https://comidadibuteco.com.br/buteco/nosso-canto/,https://comidadibuteco.com.br/butecos/nova-iguacu-duque-de-caxias/page/2/,2026-05-02 12:23:08
Panela Velha Gastronomia,"Estr. Vereador Oscar Dias Oliveira, 210 | Vila São Sebastião, Duque de Caxias - RJ",https://cdb-static-files.s3.amazonaws.com/wp-content/uploads/2026/03/09055409/panelavelhagastronomia_xerife_baixada_2026_joana_1-scaled.jpg,https://comidadibuteco.com.br/buteco/panela-velha-gastronomia/,https://comidadibuteco.com.br/butecos/nova-iguacu-duque-de-caxias/page/2/,2026-05-02 12:23:08
Pasta da Nonna,"Avenida Brasil, 367 | Vila São Luís, Duque de Caxias - RJ",https://cdb-static-files.s3.amazonaws.com/wp-content/uploads/2026/03/09055417/pastadanonna_ninhodanonna_baixada_2026_joana_1-scaled.jpg,https://comidadibuteco.com.br/buteco/pasta-da-nonna/,https://comidadibuteco.com.br/butecos/nova-iguacu-duque-de-caxias/page/2/,2026-05-02 12:23:08
Tainá Gourmet,"Av. Expedicionário José Amaro, 838 | Vila São Luís, Duque de Caxias - RJ",https://cdb-static-files.s3.amazonaws.com/wp-content/uploads/2026/03/09055425/tainagourmet_flordeboteco_baixada_2026_joana_1-scaled.jpg,https://comidadibuteco.com.br/buteco/taina-gourmet/,https://comidadibuteco.com.br/butecos/nova-iguacu-duque-de-caxias/page/2/,2026-05-02 12:23:08
Tiririkas Grill,"R. Dr. Manuel Reis, 910 - Pça. Osmar S. de Carvalho | Centro, Nilópolis - RJ",https://cdb-static-files.s3.amazonaws.com/wp-content/uploads/2026/03/09055534/tiririkasgrill_cupimnabengaladotiririkas_baixada_2026_joana_1-scaled.jpg,https://comidadibuteco.com.br/buteco/tiririkas-grill/,https://comidadibuteco.com.br/butecos/nova-iguacu-duque-de-caxias/page/2/,2026-05-02 12:23:08
Tsuba Izakaya,"R. Joaquim Cardoso de Matos, 745 | Luz, Nova Iguaçu - RJ",https://cdb-static-files.s3.amazonaws.com/wp-content/uploads/2026/03/09055542/tsubaizakaya_guiozabokchoy_baixada_2026_joana_1-scaled.jpg,https://comidadibuteco.com.br/buteco/tsuba-izakaya/,https://comidadibuteco.com.br/butecos/nova-iguacu-duque-de-caxias/page/2/,2026-05-02 12:23:08
Villa 182 Gastronomia,"R. José Amaro, 812 Duque de Caxias - RJ",https://cdb-static-files.s3.amazonaws.com/wp-content/uploads/2026/03/09055548/villa182_porcoloko_baixada_2026_joana_1-scaled.jpg,https://comidadibuteco.com.br/buteco/villa-182-gastronomia/,https://comidadibuteco.com.br/butecos/nova-iguacu-duque-de-caxias/page/2/,2026-05-02 12:23:08
